onset	duration	trial_type	value	sample
13.356666666666667	0.5	nontarget	29	4007
13.356666666666667	0.5	U	22	4007
13.593333333333334	0.5	nontarget	29	4078
13.593333333333334	0.5	H	9	4078
13.83	0.5	nontarget	29	4149
13.83	0.5	Y	26	4149
14.066666666666666	0.5	nontarget	29	4220
14.066666666666666	0.5	B	3	4220
14.303333333333333	0.5	nontarget	29	4291
14.303333333333333	0.5	E	6	4291
14.536666666666667	0.5	nontarget	29	4361
14.536666666666667	0.5	C	4	4361
14.773333333333333	0.5	nontarget	29	4432
14.773333333333333	0.5	X	25	4432
15.01	0.5	nontarget	29	4503
15.01	0.5	F	7	4503
15.246666666666666	0.5	nontarget	29	4574
15.246666666666666	0.5	T	21	4574
15.483333333333333	0.5	nontarget	29	4645
15.483333333333333	0.5	R	19	4645
15.72	0.5	nontarget	29	4716
15.72	0.5	_	28	4716
15.956666666666667	0.5	nontarget	29	4787
15.956666666666667	0.5	W	24	4787
16.19333333333333	0.5	nontarget	29	4858
16.19333333333333	0.5	K	12	4858
16.43	0.5	target	30	4929
16.43	0.5	L	13	4929
21.336666666666666	0.5	nontarget	29	6401
21.336666666666666	0.5	C	4	6401
21.573333333333334	0.5	nontarget	29	6472
21.573333333333334	0.5	G	8	6472
21.81	0.5	nontarget	29	6543
21.81	0.5	V	23	6543
22.046666666666667	0.5	nontarget	29	6614
22.046666666666667	0.5	I	10	6614
22.286666666666665	0.5	nontarget	29	6686
22.286666666666665	0.5	N	15	6686
22.52	0.5	nontarget	29	6756
22.52	0.5	J	11	6756
22.76	0.5	nontarget	29	6828
22.76	0.5	T	21	6828
22.993333333333332	0.5	nontarget	29	6898
22.993333333333332	0.5	E	6	6898
23.23	0.5	nontarget	29	6969
23.23	0.5	F	7	6969
23.466666666666665	0.5	nontarget	29	7040
23.466666666666665	0.5	K	12	7040
23.703333333333333	0.5	target	30	7111
23.703333333333333	0.5	L	13	7111
23.94	0.5	nontarget	29	7182
23.94	0.5	Q	18	7182
24.246666666666666	0.5	nontarget	29	7274
24.246666666666666	0.5	X	25	7274
24.483333333333334	0.5	nontarget	29	7345
24.483333333333334	0.5	Y	26	7345
31.393333333333334	0.5	nontarget	29	9418
31.393333333333334	0.5	A	2	9418
31.63	0.5	nontarget	29	9489
31.63	0.5	F	7	9489
31.866666666666667	0.5	nontarget	29	9560
31.866666666666667	0.5	K	12	9560
32.1	0.5	nontarget	29	9630
32.1	0.5	T	21	9630
32.336666666666666	0.5	nontarget	29	9701
32.336666666666666	0.5	_	28	9701
32.57666666666667	0.5	nontarget	29	9773
32.57666666666667	0.5	N	15	9773
32.81	0.5	nontarget	29	9843
32.81	0.5	W	24	9843
33.04666666666667	0.5	nontarget	29	9914
33.04666666666667	0.5	V	23	9914
33.28666666666667	0.5	nontarget	29	9986
33.28666666666667	0.5	S	20	9986
33.52333333333333	0.5	nontarget	29	10057
33.52333333333333	0.5	U	22	10057
33.76	0.5	nontarget	29	10128
33.76	0.5	B	3	10128
33.99333333333333	0.5	target	30	10198
33.99333333333333	0.5	O	16	10198
34.23	0.5	nontarget	29	10269
34.23	0.5	M	14	10269
34.46666666666667	0.5	nontarget	29	10340
34.46666666666667	0.5	<	1	10340
39.373333333333335	0.5	nontarget	29	11812
39.373333333333335	0.5	P	17	11812
39.60666666666667	0.5	nontarget	29	11882
39.60666666666667	0.5	Q	18	11882
39.846666666666664	0.5	nontarget	29	11954
39.846666666666664	0.5	L	13	11954
40.08	0.5	nontarget	29	12024
40.08	0.5	Y	26	12024
40.31666666666667	0.5	nontarget	29	12095
40.31666666666667	0.5	J	11	12095
40.553333333333335	0.5	nontarget	29	12166
40.553333333333335	0.5	E	6	12166
40.79	0.5	nontarget	29	12237
40.79	0.5	N	15	12237
41.03	0.5	nontarget	29	12309
41.03	0.5	I	10	12309
41.266666666666666	0.5	nontarget	29	12380
41.266666666666666	0.5	C	4	12380
41.50333333333333	0.5	nontarget	29	12451
41.50333333333333	0.5	X	25	12451
41.74	0.5	nontarget	29	12522
41.74	0.5	F	7	12522
41.97666666666667	0.5	nontarget	29	12593
41.97666666666667	0.5	G	8	12593
42.21	0.5	nontarget	29	12663
42.21	0.5	H	9	12663
42.446666666666665	0.5	target	30	12734
42.446666666666665	0.5	O	16	12734
47.35	0.5	nontarget	29	14205
47.35	0.5	N	15	14205
47.586666666666666	0.5	nontarget	29	14276
47.586666666666666	0.5	H	9	14276
47.82333333333333	0.5	nontarget	29	14347
47.82333333333333	0.5	D	5	14347
48.06	0.5	nontarget	29	14418
48.06	0.5	I	10	14418
48.29666666666667	0.5	nontarget	29	14489
48.29666666666667	0.5	Y	26	14489
48.53333333333333	0.5	nontarget	29	14560
48.53333333333333	0.5	X	25	14560
48.766666666666666	0.5	nontarget	29	14630
48.766666666666666	0.5	G	8	14630
49.00333333333333	0.5	nontarget	29	14701
49.00333333333333	0.5	J	11	14701
49.24	0.5	nontarget	29	14772
49.24	0.5	Z	27	14772
49.47666666666667	0.5	nontarget	29	14843
49.47666666666667	0.5	U	22	14843
49.71333333333333	0.5	target	30	14914
49.71333333333333	0.5	O	16	14914
49.95	0.5	nontarget	29	14985
49.95	0.5	F	7	14985
50.18666666666667	0.5	nontarget	29	15056
50.18666666666667	0.5	L	13	15056
50.42	0.5	nontarget	29	15126
50.42	0.5	R	19	15126
55.32666666666667	0.5	nontarget	29	16598
55.32666666666667	0.5	M	14	16598
55.56	0.5	target	30	16668
55.56	0.5	O	16	16668
55.79666666666667	0.5	nontarget	29	16739
55.79666666666667	0.5	K	12	16739
56.03666666666667	0.5	nontarget	29	16811
56.03666666666667	0.5	J	11	16811
56.27	0.5	nontarget	29	16881
56.27	0.5	R	19	16881
56.51	0.5	nontarget	29	16953
56.51	0.5	Z	27	16953
56.74666666666667	0.5	nontarget	29	17024
56.74666666666667	0.5	D	5	17024
56.983333333333334	0.5	nontarget	29	17095
56.983333333333334	0.5	Y	26	17095
57.22	0.5	nontarget	29	17166
57.22	0.5	H	9	17166
57.45666666666666	0.5	nontarget	29	17237
57.45666666666666	0.5	<	1	17237
57.693333333333335	0.5	nontarget	29	17308
57.693333333333335	0.5	L	13	17308
57.93	0.5	nontarget	29	17379
57.93	0.5	T	21	17379
58.163333333333334	0.5	nontarget	29	17449
58.163333333333334	0.5	X	25	17449
58.4	0.5	nontarget	29	17520
58.4	0.5	B	3	17520
63.306666666666665	0.5	nontarget	29	18992
63.306666666666665	0.5	Q	18	18992
63.54333333333334	0.5	nontarget	29	19063
63.54333333333334	0.5	E	6	19063
63.78	0.5	nontarget	29	19134
63.78	0.5	V	23	19134
64.01666666666667	0.5	nontarget	29	19205
64.01666666666667	0.5	I	10	19205
64.25333333333333	0.5	nontarget	29	19276
64.25333333333333	0.5	Y	26	19276
64.49	0.5	nontarget	29	19347
64.49	0.5	X	25	19347
64.72666666666667	0.5	nontarget	29	19418
64.72666666666667	0.5	D	5	19418
64.96666666666667	0.5	nontarget	29	19490
64.96666666666667	0.5	U	22	19490
65.2	0.5	nontarget	29	19560
65.2	0.5	R	19	19560
65.43666666666667	0.5	nontarget	29	19631
65.43666666666667	0.5	S	20	19631
65.67333333333333	0.5	nontarget	29	19702
65.67333333333333	0.5	N	15	19702
65.91	0.5	nontarget	29	19773
65.91	0.5	B	3	19773
66.14666666666666	0.5	nontarget	29	19844
66.14666666666666	0.5	P	17	19844
66.38	0.5	nontarget	29	19914
66.38	0.5	T	21	19914
71.28333333333333	0.5	nontarget	29	21385
71.28333333333333	0.5	B	3	21385
71.52	0.5	nontarget	29	21456
71.52	0.5	X	25	21456
71.75666666666666	0.5	nontarget	29	21527
71.75666666666666	0.5	G	8	21527
71.99333333333334	0.5	nontarget	29	21598
71.99333333333334	0.5	N	15	21598
72.23	0.5	nontarget	29	21669
72.23	0.5	Y	26	21669
72.46666666666667	0.5	target	30	21740
72.46666666666667	0.5	O	16	21740
72.70333333333333	0.5	nontarget	29	21811
72.70333333333333	0.5	V	23	21811
72.94333333333333	0.5	nontarget	29	21883
72.94333333333333	0.5	R	19	21883
73.17666666666666	0.5	nontarget	29	21953
73.17666666666666	0.5	Q	18	21953
73.41666666666667	0.5	nontarget	29	22025
73.41666666666667	0.5	I	10	22025
73.65333333333334	0.5	nontarget	29	22096
73.65333333333334	0.5	P	17	22096
73.89	0.5	nontarget	29	22167
73.89	0.5	S	20	22167
74.12666666666667	0.5	nontarget	29	22238
74.12666666666667	0.5	W	24	22238
74.36333333333333	0.5	nontarget	29	22309
74.36333333333333	0.5	T	21	22309
79.27	0.5	nontarget	29	23781
79.27	0.5	E	6	23781
79.50333333333333	0.5	nontarget	29	23851
79.50333333333333	0.5	X	25	23851
79.74	0.5	nontarget	29	23922
79.74	0.5	S	20	23922
79.97666666666667	0.5	nontarget	29	23993
79.97666666666667	0.5	T	21	23993
80.21333333333334	0.5	nontarget	29	24064
80.21333333333334	0.5	Q	18	24064
80.45	0.5	nontarget	29	24135
80.45	0.5	J	11	24135
80.68666666666667	0.5	nontarget	29	24206
80.68666666666667	0.5	V	23	24206
80.92333333333333	0.5	nontarget	29	24277
80.92333333333333	0.5	W	24	24277
81.16	0.5	nontarget	29	24348
81.16	0.5	P	17	24348
81.39666666666666	0.5	nontarget	29	24419
81.39666666666666	0.5	L	13	24419
81.63333333333334	0.5	nontarget	29	24490
81.63333333333334	0.5	R	19	24490
81.87	0.5	nontarget	29	24561
81.87	0.5	<	1	24561
82.10333333333334	0.5	nontarget	29	24631
82.10333333333334	0.5	U	22	24631
82.34	0.5	nontarget	29	24702
82.34	0.5	_	28	24702
87.24333333333334	0.5	nontarget	29	26173
87.24333333333334	0.5	V	23	26173
87.48	0.5	nontarget	29	26244
87.48	0.5	Z	27	26244
87.71666666666667	0.5	nontarget	29	26315
87.71666666666667	0.5	P	17	26315
87.95333333333333	0.5	nontarget	29	26386
87.95333333333333	0.5	X	25	26386
88.18666666666667	0.5	nontarget	29	26456
88.18666666666667	0.5	G	8	26456
88.42333333333333	0.5	nontarget	29	26527
88.42333333333333	0.5	<	1	26527
88.66	0.5	nontarget	29	26598
88.66	0.5	U	22	26598
88.89666666666666	0.5	nontarget	29	26669
88.89666666666666	0.5	R	19	26669
89.13333333333334	0.5	nontarget	29	26740
89.13333333333334	0.5	_	28	26740
89.37	0.5	nontarget	29	26811
89.37	0.5	W	24	26811
89.60666666666667	0.5	nontarget	29	26882
89.60666666666667	0.5	K	12	26882
89.84	0.5	nontarget	29	26952
89.84	0.5	B	3	26952
90.07666666666667	0.5	nontarget	29	27023
90.07666666666667	0.5	S	20	27023
90.31333333333333	0.5	nontarget	29	27094
90.31333333333333	0.5	L	13	27094
97.22333333333333	0.5	nontarget	29	29167
97.22333333333333	0.5	B	3	29167
97.47333333333333	0.5	nontarget	29	29242
97.47333333333333	0.5	K	12	29242
97.71333333333334	0.5	nontarget	29	29314
97.71333333333334	0.5	G	8	29314
97.95	0.5	nontarget	29	29385
97.95	0.5	P	17	29385
98.18666666666667	0.5	nontarget	29	29456
98.18666666666667	0.5	J	11	29456
98.42333333333333	0.5	nontarget	29	29527
98.42333333333333	0.5	A	2	29527
98.66	0.5	nontarget	29	29598
98.66	0.5	L	13	29598
98.89666666666666	0.5	nontarget	29	29669
98.89666666666666	0.5	_	28	29669
99.13333333333334	0.5	nontarget	29	29740
99.13333333333334	0.5	I	10	29740
99.37	0.5	nontarget	29	29811
99.37	0.5	V	23	29811
99.60333333333334	0.5	nontarget	29	29881
99.60333333333334	0.5	Y	26	29881
99.84	0.5	nontarget	29	29952
99.84	0.5	Q	18	29952
100.07666666666667	0.5	nontarget	29	30023
100.07666666666667	0.5	R	19	30023
100.31333333333333	0.5	nontarget	29	30094
100.31333333333333	0.5	X	25	30094
105.21666666666667	0.5	nontarget	29	31565
105.21666666666667	0.5	_	28	31565
105.45	0.5	target	30	31635
105.45	0.5	<	1	31635
105.68666666666667	0.5	nontarget	29	31706
105.68666666666667	0.5	C	4	31706
105.92333333333333	0.5	nontarget	29	31777
105.92333333333333	0.5	G	8	31777
106.15666666666667	0.5	nontarget	29	31847
106.15666666666667	0.5	F	7	31847
106.39333333333333	0.5	nontarget	29	31918
106.39333333333333	0.5	U	22	31918
106.63	0.5	nontarget	29	31989
106.63	0.5	P	17	31989
106.86666666666666	0.5	nontarget	29	32060
106.86666666666666	0.5	B	3	32060
107.10333333333334	0.5	nontarget	29	32131
107.10333333333334	0.5	Q	18	32131
107.34	0.5	nontarget	29	32202
107.34	0.5	M	14	32202
107.57666666666667	0.5	nontarget	29	32273
107.57666666666667	0.5	H	9	32273
107.81333333333333	0.5	nontarget	29	32344
107.81333333333333	0.5	O	16	32344
108.05	0.5	nontarget	29	32415
108.05	0.5	T	21	32415
108.28666666666666	0.5	nontarget	29	32486
108.28666666666666	0.5	Z	27	32486
113.25333333333333	0.5	nontarget	29	33976
113.25333333333333	0.5	S	20	33976
113.49	0.5	nontarget	29	34047
113.49	0.5	T	21	34047
113.72666666666667	0.5	nontarget	29	34118
113.72666666666667	0.5	N	15	34118
113.96333333333334	0.5	target	30	34189
113.96333333333334	0.5	<	1	34189
114.19666666666667	0.5	nontarget	29	34259
114.19666666666667	0.5	D	5	34259
114.43666666666667	0.5	nontarget	29	34331
114.43666666666667	0.5	Q	18	34331
114.67	0.5	nontarget	29	34401
114.67	0.5	_	28	34401
114.90666666666667	0.5	nontarget	29	34472
114.90666666666667	0.5	M	14	34472
115.14333333333333	0.5	nontarget	29	34543
115.14333333333333	0.5	P	17	34543
115.38	0.5	nontarget	29	34614
115.38	0.5	V	23	34614
115.61666666666666	0.5	nontarget	29	34685
115.61666666666666	0.5	W	24	34685
115.85333333333334	0.5	nontarget	29	34756
115.85333333333334	0.5	F	7	34756
116.09	0.5	nontarget	29	34827
116.09	0.5	E	6	34827
116.32666666666667	0.5	nontarget	29	34898
116.32666666666667	0.5	K	12	34898
121.23333333333333	0.5	nontarget	29	36370
121.23333333333333	0.5	S	20	36370
121.48666666666666	0.5	nontarget	29	36446
121.48666666666666	0.5	X	25	36446
121.72333333333333	0.5	nontarget	29	36517
121.72333333333333	0.5	Q	18	36517
121.96	0.5	nontarget	29	36588
121.96	0.5	V	23	36588
122.19333333333333	0.5	nontarget	29	36658
122.19333333333333	0.5	K	12	36658
122.43	0.5	nontarget	29	36729
122.43	0.5	D	5	36729
122.66666666666667	0.5	nontarget	29	36800
122.66666666666667	0.5	W	24	36800
122.9	0.5	nontarget	29	36870
122.9	0.5	N	15	36870
123.13666666666667	0.5	nontarget	29	36941
123.13666666666667	0.5	P	17	36941
123.37333333333333	0.5	target	30	37012
123.37333333333333	0.5	<	1	37012
123.61	0.5	nontarget	29	37083
123.61	0.5	T	21	37083
123.84333333333333	0.5	nontarget	29	37153
123.84333333333333	0.5	F	7	37153
124.08	0.5	nontarget	29	37224
124.08	0.5	H	9	37224
124.31666666666666	0.5	nontarget	29	37295
124.31666666666666	0.5	_	28	37295
129.22	0.5	nontarget	29	38766
129.22	0.5	D	5	38766
129.45333333333335	0.5	nontarget	29	38836
129.45333333333335	0.5	I	10	38836
129.69	0.5	nontarget	29	38907
129.69	0.5	F	7	38907
129.92666666666668	0.5	nontarget	29	38978
129.92666666666668	0.5	V	23	38978
130.16333333333333	0.5	nontarget	29	39049
130.16333333333333	0.5	Q	18	39049
130.39666666666668	0.5	nontarget	29	39119
130.39666666666668	0.5	E	6	39119
130.63333333333333	0.5	nontarget	29	39190
130.63333333333333	0.5	A	2	39190
130.87	0.5	nontarget	29	39261
130.87	0.5	G	8	39261
131.10666666666665	0.5	nontarget	29	39332
131.10666666666665	0.5	_	28	39332
131.34333333333333	0.5	nontarget	29	39403
131.34333333333333	0.5	S	20	39403
131.58	0.5	nontarget	29	39474
131.58	0.5	T	21	39474
131.81666666666666	0.5	nontarget	29	39545
131.81666666666666	0.5	P	17	39545
132.05333333333334	0.5	target	30	39616
132.05333333333334	0.5	<	1	39616
132.28666666666666	0.5	nontarget	29	39686
132.28666666666666	0.5	W	24	39686
137.19333333333333	0.5	nontarget	29	41158
137.19333333333333	0.5	J	11	41158
137.42666666666668	0.5	nontarget	29	41228
137.42666666666668	0.5	_	28	41228
137.66333333333333	0.5	target	30	41299
137.66333333333333	0.5	<	1	41299
137.9	0.5	nontarget	29	41370
137.9	0.5	S	20	41370
138.13666666666666	0.5	nontarget	29	41441
138.13666666666666	0.5	L	13	41441
138.37333333333333	0.5	nontarget	29	41512
138.37333333333333	0.5	P	17	41512
138.60666666666665	0.5	nontarget	29	41582
138.60666666666665	0.5	E	6	41582
138.84333333333333	0.5	nontarget	29	41653
138.84333333333333	0.5	A	2	41653
139.08	0.5	nontarget	29	41724
139.08	0.5	Q	18	41724
139.31666666666666	0.5	nontarget	29	41795
139.31666666666666	0.5	R	19	41795
139.55333333333334	0.5	nontarget	29	41866
139.55333333333334	0.5	N	15	41866
139.79	0.5	nontarget	29	41937
139.79	0.5	U	22	41937
140.02666666666667	0.5	nontarget	29	42008
140.02666666666667	0.5	G	8	42008
140.26333333333332	0.5	nontarget	29	42079
140.26333333333332	0.5	V	23	42079
145.17	0.5	nontarget	29	43551
145.17	0.5	G	8	43551
145.40333333333334	0.5	nontarget	29	43621
145.40333333333334	0.5	S	20	43621
145.64	0.5	nontarget	29	43692
145.64	0.5	N	15	43692
145.87666666666667	0.5	nontarget	29	43763
145.87666666666667	0.5	L	13	43763
146.11333333333334	0.5	nontarget	29	43834
146.11333333333334	0.5	D	5	43834
146.35	0.5	nontarget	29	43905
146.35	0.5	T	21	43905
146.58333333333334	0.5	nontarget	29	43975
146.58333333333334	0.5	J	11	43975
146.82	0.5	nontarget	29	44046
146.82	0.5	E	6	44046
147.05666666666667	0.5	nontarget	29	44117
147.05666666666667	0.5	M	14	44117
147.29333333333332	0.5	nontarget	29	44188
147.29333333333332	0.5	Y	26	44188
147.53333333333333	0.5	nontarget	29	44260
147.53333333333333	0.5	R	19	44260
147.76666666666668	0.5	target	30	44330
147.76666666666668	0.5	<	1	44330
148.00666666666666	0.5	nontarget	29	44402
148.00666666666666	0.5	V	23	44402
148.24	0.5	nontarget	29	44472
148.24	0.5	Q	18	44472
153.15	0.5	nontarget	29	45945
153.15	0.5	G	8	45945
153.38666666666666	0.5	nontarget	29	46016
153.38666666666666	0.5	X	25	46016
153.62333333333333	0.5	nontarget	29	46087
153.62333333333333	0.5	J	11	46087
153.85666666666665	0.5	nontarget	29	46157
153.85666666666665	0.5	S	20	46157
154.09666666666666	0.5	nontarget	29	46229
154.09666666666666	0.5	U	22	46229
154.33333333333334	0.5	nontarget	29	46300
154.33333333333334	0.5	I	10	46300
154.57	0.5	nontarget	29	46371
154.57	0.5	A	2	46371
154.80666666666667	0.5	nontarget	29	46442
154.80666666666667	0.5	B	3	46442
155.04333333333332	0.5	nontarget	29	46513
155.04333333333332	0.5	O	16	46513
155.28	0.5	nontarget	29	46584
155.28	0.5	L	13	46584
155.51666666666668	0.5	nontarget	29	46655
155.51666666666668	0.5	T	21	46655
155.75333333333333	0.5	nontarget	29	46726
155.75333333333333	0.5	V	23	46726
155.98666666666668	0.5	nontarget	29	46796
155.98666666666668	0.5	P	17	46796
156.22666666666666	0.5	target	30	46868
156.22666666666666	0.5	<	1	46868
163.13666666666666	0.5	nontarget	29	48941
163.13666666666666	0.5	Z	27	48941
163.37333333333333	0.5	nontarget	29	49012
163.37333333333333	0.5	X	25	49012
163.61	0.5	nontarget	29	49083
163.61	0.5	U	22	49083
163.84666666666666	0.5	nontarget	29	49154
163.84666666666666	0.5	B	3	49154
164.08333333333334	0.5	nontarget	29	49225
164.08333333333334	0.5	L	13	49225
164.32	0.5	nontarget	29	49296
164.32	0.5	T	21	49296
164.55666666666667	0.5	nontarget	29	49367
164.55666666666667	0.5	Q	18	49367
164.79	0.5	nontarget	29	49437
164.79	0.5	V	23	49437
165.02666666666667	0.5	nontarget	29	49508
165.02666666666667	0.5	W	24	49508
165.26333333333332	0.5	nontarget	29	49579
165.26333333333332	0.5	<	1	49579
165.5	0.5	target	30	49650
165.5	0.5	O	16	49650
165.74	0.5	nontarget	29	49722
165.74	0.5	N	15	49722
165.97666666666666	0.5	nontarget	29	49793
165.97666666666666	0.5	J	11	49793
166.21333333333334	0.5	nontarget	29	49864
166.21333333333334	0.5	E	6	49864
171.11666666666667	0.5	nontarget	29	51335
171.11666666666667	0.5	U	22	51335
171.35333333333332	0.5	nontarget	29	51406
171.35333333333332	0.5	D	5	51406
171.59333333333333	0.5	nontarget	29	51478
171.59333333333333	0.5	P	17	51478
171.83	0.5	nontarget	29	51549
171.83	0.5	S	20	51549
172.06666666666666	0.5	nontarget	29	51620
172.06666666666666	0.5	C	4	51620
172.30666666666667	0.5	nontarget	29	51692
172.30666666666667	0.5	H	9	51692
172.54333333333332	0.5	nontarget	29	51763
172.54333333333332	0.5	G	8	51763
172.78	0.5	nontarget	29	51834
172.78	0.5	R	19	51834
173.01333333333332	0.5	nontarget	29	51904
173.01333333333332	0.5	L	13	51904
173.25	0.5	nontarget	29	51975
173.25	0.5	F	7	51975
173.48666666666668	0.5	nontarget	29	52046
173.48666666666668	0.5	M	14	52046
173.72333333333333	0.5	target	30	52117
173.72333333333333	0.5	O	16	52117
173.95666666666668	0.5	nontarget	29	52187
173.95666666666668	0.5	A	2	52187
174.19333333333333	0.5	nontarget	29	52258
174.19333333333333	0.5	K	12	52258
179.10333333333332	0.5	nontarget	29	53731
179.10333333333332	0.5	_	28	53731
179.34	0.5	nontarget	29	53802
179.34	0.5	Q	18	53802
179.57333333333332	0.5	nontarget	29	53872
179.57333333333332	0.5	T	21	53872
179.81333333333333	0.5	nontarget	29	53944
179.81333333333333	0.5	G	8	53944
180.05	0.5	nontarget	29	54015
180.05	0.5	Y	26	54015
180.28333333333333	0.5	nontarget	29	54085
180.28333333333333	0.5	F	7	54085
180.52333333333334	0.5	nontarget	29	54157
180.52333333333334	0.5	P	17	54157
180.76	0.5	target	30	54228
180.76	0.5	O	16	54228
180.99666666666667	0.5	nontarget	29	54299
180.99666666666667	0.5	H	9	54299
181.23333333333332	0.5	nontarget	29	54370
181.23333333333332	0.5	I	10	54370
181.47	0.5	nontarget	29	54441
181.47	0.5	S	20	54441
181.70666666666668	0.5	nontarget	29	54512
181.70666666666668	0.5	U	22	54512
181.94333333333333	0.5	nontarget	29	54583
181.94333333333333	0.5	L	13	54583
182.18	0.5	nontarget	29	54654
182.18	0.5	V	23	54654
187.08666666666667	0.5	nontarget	29	56126
187.08666666666667	0.5	V	23	56126
187.32333333333332	0.5	target	30	56197
187.32333333333332	0.5	O	16	56197
187.56333333333333	0.5	nontarget	29	56269
187.56333333333333	0.5	Q	18	56269
187.79666666666665	0.5	nontarget	29	56339
187.79666666666665	0.5	A	2	56339
188.03333333333333	0.5	nontarget	29	56410
188.03333333333333	0.5	U	22	56410
188.27	0.5	nontarget	29	56481
188.27	0.5	S	20	56481
188.50666666666666	0.5	nontarget	29	56552
188.50666666666666	0.5	T	21	56552
188.74333333333334	0.5	nontarget	29	56623
188.74333333333334	0.5	P	17	56623
188.98	0.5	nontarget	29	56694
188.98	0.5	Z	27	56694
189.21666666666667	0.5	nontarget	29	56765
189.21666666666667	0.5	F	7	56765
189.45333333333335	0.5	nontarget	29	56836
189.45333333333335	0.5	W	24	56836
189.69	0.5	nontarget	29	56907
189.69	0.5	Y	26	56907
189.92666666666668	0.5	nontarget	29	56978
189.92666666666668	0.5	G	8	56978
190.16333333333333	0.5	nontarget	29	57049
190.16333333333333	0.5	L	13	57049
195.07333333333332	0.5	nontarget	29	58522
195.07333333333332	0.5	T	21	58522
195.31	0.5	target	30	58593
195.31	0.5	O	16	58593
195.54666666666665	0.5	nontarget	29	58664
195.54666666666665	0.5	Q	18	58664
195.78	0.5	nontarget	29	58734
195.78	0.5	J	11	58734
196.01666666666668	0.5	nontarget	29	58805
196.01666666666668	0.5	P	17	58805
196.25333333333333	0.5	nontarget	29	58876
196.25333333333333	0.5	R	19	58876
196.49	0.5	nontarget	29	58947
196.49	0.5	B	3	58947
196.72666666666666	0.5	nontarget	29	59018
196.72666666666666	0.5	<	1	59018
196.96333333333334	0.5	nontarget	29	59089
196.96333333333334	0.5	W	24	59089
197.2	0.5	nontarget	29	59160
197.2	0.5	L	13	59160
197.43666666666667	0.5	nontarget	29	59231
197.43666666666667	0.5	A	2	59231
197.67	0.5	nontarget	29	59301
197.67	0.5	F	7	59301
197.90666666666667	0.5	nontarget	29	59372
197.90666666666667	0.5	Z	27	59372
198.14333333333335	0.5	nontarget	29	59443
198.14333333333335	0.5	Y	26	59443
203.05333333333334	0.5	nontarget	29	60916
203.05333333333334	0.5	P	17	60916
203.29	0.5	nontarget	29	60987
203.29	0.5	<	1	60987
203.59333333333333	0.5	nontarget	29	61078
203.59333333333333	0.5	F	7	61078
203.83	0.5	nontarget	29	61149
203.83	0.5	B	3	61149
204.06666666666666	0.5	nontarget	29	61220
204.06666666666666	0.5	A	2	61220
204.3	0.5	nontarget	29	61290
204.3	0.5	L	13	61290
204.54	0.5	nontarget	29	61362
204.54	0.5	Z	27	61362
204.77333333333334	0.5	nontarget	29	61432
204.77333333333334	0.5	J	11	61432
205.01	0.5	nontarget	29	61503
205.01	0.5	Y	26	61503
205.24666666666667	0.5	nontarget	29	61574
205.24666666666667	0.5	_	28	61574
205.48	0.5	nontarget	29	61644
205.48	0.5	T	21	61644
205.72	0.5	nontarget	29	61716
205.72	0.5	Q	18	61716
205.95666666666668	0.5	nontarget	29	61787
205.95666666666668	0.5	W	24	61787
206.19	0.5	target	30	61857
206.19	0.5	O	16	61857
211.09666666666666	0.5	nontarget	29	63329
211.09666666666666	0.5	U	22	63329
211.33333333333334	0.5	nontarget	29	63400
211.33333333333334	0.5	B	3	63400
211.57	0.5	nontarget	29	63471
211.57	0.5	P	17	63471
211.80666666666667	0.5	nontarget	29	63542
211.80666666666667	0.5	I	10	63542
212.04	0.5	nontarget	29	63612
212.04	0.5	T	21	63612
212.27666666666667	0.5	nontarget	29	63683
212.27666666666667	0.5	X	25	63683
212.51666666666668	0.5	nontarget	29	63755
212.51666666666668	0.5	M	14	63755
212.75	0.5	nontarget	29	63825
212.75	0.5	Z	27	63825
212.98666666666668	0.5	nontarget	29	63896
212.98666666666668	0.5	J	11	63896
213.22333333333333	0.5	nontarget	29	63967
213.22333333333333	0.5	A	2	63967
213.46	0.5	nontarget	29	64038
213.46	0.5	L	13	64038
213.69333333333333	0.5	nontarget	29	64108
213.69333333333333	0.5	F	7	64108
213.93	0.5	nontarget	29	64179
213.93	0.5	Q	18	64179
214.17	0.5	nontarget	29	64251
214.17	0.5	_	28	64251
219.07333333333332	0.5	nontarget	29	65722
219.07333333333332	0.5	B	3	65722
219.31	0.5	nontarget	29	65793
219.31	0.5	W	24	65793
219.54666666666665	0.5	nontarget	29	65864
219.54666666666665	0.5	I	10	65864
219.78	0.5	nontarget	29	65934
219.78	0.5	T	21	65934
220.02	0.5	nontarget	29	66006
220.02	0.5	Z	27	66006
220.25666666666666	0.5	nontarget	29	66077
220.25666666666666	0.5	F	7	66077
220.49333333333334	0.5	nontarget	29	66148
220.49333333333334	0.5	A	2	66148
220.73	0.5	nontarget	29	66219
220.73	0.5	Q	18	66219
220.96666666666667	0.5	nontarget	29	66290
220.96666666666667	0.5	L	13	66290
221.20333333333335	0.5	nontarget	29	66361
221.20333333333335	0.5	P	17	66361
221.43666666666667	0.5	nontarget	29	66431
221.43666666666667	0.5	U	22	66431
221.67666666666668	0.5	nontarget	29	66503
221.67666666666668	0.5	_	28	66503
221.91333333333333	0.5	nontarget	29	66574
221.91333333333333	0.5	X	25	66574
222.15	0.5	nontarget	29	66645
222.15	0.5	K	12	66645
229.06333333333333	0.5	nontarget	29	68719
229.06333333333333	0.5	F	7	68719
229.3	0.5	nontarget	29	68790
229.3	0.5	C	4	68790
229.53333333333333	0.5	nontarget	29	68860
229.53333333333333	0.5	M	14	68860
229.77	0.5	nontarget	29	68931
229.77	0.5	O	16	68931
230.00666666666666	0.5	nontarget	29	69002
230.00666666666666	0.5	V	23	69002
230.24333333333334	0.5	nontarget	29	69073
230.24333333333334	0.5	Y	26	69073
230.47666666666666	0.5	nontarget	29	69143
230.47666666666666	0.5	H	9	69143
230.71333333333334	0.5	nontarget	29	69214
230.71333333333334	0.5	_	28	69214
230.95	0.5	nontarget	29	69285
230.95	0.5	R	19	69285
231.18666666666667	0.5	target	30	69356
231.18666666666667	0.5	<	1	69356
231.42333333333335	0.5	nontarget	29	69427
231.42333333333335	0.5	A	2	69427
231.66	0.5	nontarget	29	69498
231.66	0.5	N	15	69498
231.89666666666668	0.5	nontarget	29	69569
231.89666666666668	0.5	W	24	69569
232.13	0.5	nontarget	29	69639
232.13	0.5	Q	18	69639
237.04	0.5	nontarget	29	71112
237.04	0.5	P	17	71112
237.27666666666667	0.5	nontarget	29	71183
237.27666666666667	0.5	G	8	71183
237.51333333333332	0.5	nontarget	29	71254
237.51333333333332	0.5	D	5	71254
237.75	0.5	nontarget	29	71325
237.75	0.5	J	11	71325
237.98666666666668	0.5	nontarget	29	71396
237.98666666666668	0.5	V	23	71396
238.22333333333333	0.5	nontarget	29	71467
238.22333333333333	0.5	X	25	71467
238.46	0.5	nontarget	29	71538
238.46	0.5	Z	27	71538
238.69666666666666	0.5	nontarget	29	71609
238.69666666666666	0.5	K	12	71609
238.93	0.5	nontarget	29	71679
238.93	0.5	S	20	71679
239.17	0.5	nontarget	29	71751
239.17	0.5	B	3	71751
239.40666666666667	0.5	nontarget	29	71822
239.40666666666667	0.5	N	15	71822
239.64	0.5	nontarget	29	71892
239.64	0.5	L	13	71892
239.87666666666667	0.5	nontarget	29	71963
239.87666666666667	0.5	T	21	71963
240.11333333333334	0.5	nontarget	29	72034
240.11333333333334	0.5	I	10	72034
245.02	0.5	nontarget	29	73506
245.02	0.5	X	25	73506
245.25666666666666	0.5	nontarget	29	73577
245.25666666666666	0.5	V	23	73577
245.49333333333334	0.5	nontarget	29	73648
245.49333333333334	0.5	M	14	73648
245.73	0.5	nontarget	29	73719
245.73	0.5	E	6	73719
245.96666666666667	0.5	nontarget	29	73790
245.96666666666667	0.5	Y	26	73790
246.20333333333335	0.5	nontarget	29	73861
246.20333333333335	0.5	C	4	73861
246.44	0.5	nontarget	29	73932
246.44	0.5	O	16	73932
246.67666666666668	0.5	nontarget	29	74003
246.67666666666668	0.5	S	20	74003
246.91333333333333	0.5	nontarget	29	74074
246.91333333333333	0.5	U	22	74074
247.15	0.5	nontarget	29	74145
247.15	0.5	P	17	74145
247.38666666666666	0.5	nontarget	29	74216
247.38666666666666	0.5	H	9	74216
247.62	0.5	nontarget	29	74286
247.62	0.5	J	11	74286
247.85666666666665	0.5	nontarget	29	74357
247.85666666666665	0.5	K	12	74357
248.09333333333333	0.5	nontarget	29	74428
248.09333333333333	0.5	N	15	74428
253.00333333333333	0.5	nontarget	29	75901
253.00333333333333	0.5	H	9	75901
253.23666666666668	0.5	nontarget	29	75971
253.23666666666668	0.5	X	25	75971
253.47333333333333	0.5	nontarget	29	76042
253.47333333333333	0.5	Z	27	76042
253.71	0.5	nontarget	29	76113
253.71	0.5	N	15	76113
253.94666666666666	0.5	nontarget	29	76184
253.94666666666666	0.5	Y	26	76184
254.18666666666667	0.5	nontarget	29	76256
254.18666666666667	0.5	U	22	76256
254.42	0.5	nontarget	29	76326
254.42	0.5	C	4	76326
254.65666666666667	0.5	nontarget	29	76397
254.65666666666667	0.5	J	11	76397
254.89666666666668	0.5	nontarget	29	76469
254.89666666666668	0.5	K	12	76469
255.13333333333333	0.5	nontarget	29	76540
255.13333333333333	0.5	P	17	76540
255.37	0.5	nontarget	29	76611
255.37	0.5	O	16	76611
255.60666666666665	0.5	nontarget	29	76682
255.60666666666665	0.5	V	23	76682
255.84333333333333	0.5	nontarget	29	76753
255.84333333333333	0.5	M	14	76753
256.08	0.5	nontarget	29	76824
256.08	0.5	D	5	76824
262.99333333333334	0.5	nontarget	29	78898
262.99333333333334	0.5	I	10	78898
263.23	0.5	nontarget	29	78969
263.23	0.5	Q	18	78969
263.46666666666664	0.5	nontarget	29	79040
263.46666666666664	0.5	K	12	79040
263.7	0.5	nontarget	29	79110
263.7	0.5	_	28	79110
263.94	0.5	nontarget	29	79182
263.94	0.5	E	6	79182
264.1766666666667	0.5	nontarget	29	79253
264.1766666666667	0.5	W	24	79253
264.41	0.5	nontarget	29	79323
264.41	0.5	V	23	79323
264.64666666666665	0.5	nontarget	29	79394
264.64666666666665	0.5	S	20	79394
264.8833333333333	0.5	nontarget	29	79465
264.8833333333333	0.5	F	7	79465
265.12	0.5	nontarget	29	79536
265.12	0.5	A	2	79536
265.3566666666667	0.5	nontarget	29	79607
265.3566666666667	0.5	Z	27	79607
265.5933333333333	0.5	nontarget	29	79678
265.5933333333333	0.5	H	9	79678
265.83	0.5	nontarget	29	79749
265.83	0.5	L	13	79749
266.06333333333333	0.5	nontarget	29	79819
266.06333333333333	0.5	J	11	79819
270.97333333333336	0.5	nontarget	29	81292
270.97333333333336	0.5	_	28	81292
271.20666666666665	0.5	nontarget	29	81362
271.20666666666665	0.5	L	13	81362
271.4433333333333	0.5	nontarget	29	81433
271.4433333333333	0.5	Z	27	81433
271.6766666666667	0.5	nontarget	29	81503
271.6766666666667	0.5	U	22	81503
271.91333333333336	0.5	nontarget	29	81574
271.91333333333336	0.5	P	17	81574
272.15	0.5	nontarget	29	81645
272.15	0.5	D	5	81645
272.38666666666666	0.5	nontarget	29	81716
272.38666666666666	0.5	X	25	81716
272.62333333333333	0.5	nontarget	29	81787
272.62333333333333	0.5	T	21	81787
272.86	0.5	nontarget	29	81858
272.86	0.5	Y	26	81858
273.0966666666667	0.5	nontarget	29	81929
273.0966666666667	0.5	G	8	81929
273.3333333333333	0.5	nontarget	29	82000
273.3333333333333	0.5	N	15	82000
273.57	0.5	nontarget	29	82071
273.57	0.5	K	12	82071
273.8066666666667	0.5	nontarget	29	82142
273.8066666666667	0.5	E	6	82142
274.04	0.5	nontarget	29	82212
274.04	0.5	C	4	82212
278.95	0.5	nontarget	29	83685
278.95	0.5	R	19	83685
279.18333333333334	0.5	nontarget	29	83755
279.18333333333334	0.5	Q	18	83755
279.42	0.5	nontarget	29	83826
279.42	0.5	M	14	83826
279.66	0.5	nontarget	29	83898
279.66	0.5	B	3	83898
279.89666666666665	0.5	nontarget	29	83969
279.89666666666665	0.5	E	6	83969
280.1333333333333	0.5	target	30	84040
280.1333333333333	0.5	<	1	84040
280.3666666666667	0.5	nontarget	29	84110
280.3666666666667	0.5	D	5	84110
280.60333333333335	0.5	nontarget	29	84181
280.60333333333335	0.5	C	4	84181
280.84	0.5	nontarget	29	84252
280.84	0.5	K	12	84252
281.07666666666665	0.5	nontarget	29	84323
281.07666666666665	0.5	O	16	84323
281.31333333333333	0.5	nontarget	29	84394
281.31333333333333	0.5	N	15	84394
281.5466666666667	0.5	nontarget	29	84464
281.5466666666667	0.5	G	8	84464
281.78333333333336	0.5	nontarget	29	84535
281.78333333333336	0.5	I	10	84535
282.02	0.5	nontarget	29	84606
282.02	0.5	X	25	84606
286.93	0.5	nontarget	29	86079
286.93	0.5	R	19	86079
287.1666666666667	0.5	nontarget	29	86150
287.1666666666667	0.5	K	12	86150
287.4033333333333	0.5	nontarget	29	86221
287.4033333333333	0.5	S	20	86221
287.64	0.5	nontarget	29	86292
287.64	0.5	W	24	86292
287.87666666666667	0.5	nontarget	29	86363
287.87666666666667	0.5	B	3	86363
288.11333333333334	0.5	nontarget	29	86434
288.11333333333334	0.5	O	16	86434
288.35	0.5	nontarget	29	86505
288.35	0.5	Q	18	86505
288.58666666666664	0.5	nontarget	29	86576
288.58666666666664	0.5	X	25	86576
288.8233333333333	0.5	target	30	86647
288.8233333333333	0.5	<	1	86647
289.06	0.5	nontarget	29	86718
289.06	0.5	L	13	86718
289.29333333333335	0.5	nontarget	29	86788
289.29333333333335	0.5	I	10	86788
289.53	0.5	nontarget	29	86859
289.53	0.5	Z	27	86859
289.77	0.5	nontarget	29	86931
289.77	0.5	N	15	86931
290.00666666666666	0.5	nontarget	29	87002
290.00666666666666	0.5	E	6	87002
294.92	0.5	nontarget	29	88476
294.92	0.5	U	22	88476
295.1533333333333	0.5	nontarget	29	88546
295.1533333333333	0.5	B	3	88546
295.39	0.5	nontarget	29	88617
295.39	0.5	X	25	88617
295.69	0.5	nontarget	29	88707
295.69	0.5	K	12	88707
295.9266666666667	0.5	nontarget	29	88778
295.9266666666667	0.5	R	19	88778
296.16333333333336	0.5	nontarget	29	88849
296.16333333333336	0.5	O	16	88849
296.4	0.5	nontarget	29	88920
296.4	0.5	Z	27	88920
296.6333333333333	0.5	nontarget	29	88990
296.6333333333333	0.5	N	15	88990
296.87	0.5	nontarget	29	89061
296.87	0.5	I	10	89061
297.1066666666667	0.5	target	30	89132
297.1066666666667	0.5	<	1	89132
297.3433333333333	0.5	nontarget	29	89203
297.3433333333333	0.5	E	6	89203
297.58	0.5	nontarget	29	89274
297.58	0.5	Y	26	89274
297.82	0.5	nontarget	29	89346
297.82	0.5	L	13	89346
298.05333333333334	0.5	nontarget	29	89416
298.05333333333334	0.5	W	24	89416
304.97333333333336	0.5	nontarget	29	91492
304.97333333333336	0.5	J	11	91492
305.20666666666665	0.5	nontarget	29	91562
305.20666666666665	0.5	G	8	91562
305.4433333333333	0.5	target	30	91633
305.4433333333333	0.5	<	1	91633
305.68	0.5	nontarget	29	91704
305.68	0.5	Z	27	91704
305.9166666666667	0.5	nontarget	29	91775
305.9166666666667	0.5	L	13	91775
306.1533333333333	0.5	nontarget	29	91846
306.1533333333333	0.5	X	25	91846
306.38666666666666	0.5	nontarget	29	91916
306.38666666666666	0.5	F	7	91916
306.62333333333333	0.5	nontarget	29	91987
306.62333333333333	0.5	S	20	91987
306.86	0.5	nontarget	29	92058
306.86	0.5	M	14	92058
307.0966666666667	0.5	nontarget	29	92129
307.0966666666667	0.5	C	4	92129
307.3333333333333	0.5	nontarget	29	92200
307.3333333333333	0.5	K	12	92200
307.57	0.5	nontarget	29	92271
307.57	0.5	W	24	92271
307.8066666666667	0.5	nontarget	29	92342
307.8066666666667	0.5	V	23	92342
308.04333333333335	0.5	nontarget	29	92413
308.04333333333335	0.5	I	10	92413
312.95666666666665	0.5	nontarget	29	93887
312.95666666666665	0.5	B	3	93887
313.1933333333333	0.5	nontarget	29	93958
313.1933333333333	0.5	K	12	93958
313.43	0.5	nontarget	29	94029
313.43	0.5	A	2	94029
313.6666666666667	0.5	nontarget	29	94100
313.6666666666667	0.5	M	14	94100
313.9033333333333	0.5	nontarget	29	94171
313.9033333333333	0.5	R	19	94171
314.14	0.5	nontarget	29	94242
314.14	0.5	S	20	94242
314.37666666666667	0.5	nontarget	29	94313
314.37666666666667	0.5	E	6	94313
314.61333333333334	0.5	nontarget	29	94384
314.61333333333334	0.5	Y	26	94384
314.85	0.5	nontarget	29	94455
314.85	0.5	L	13	94455
315.08666666666664	0.5	nontarget	29	94526
315.08666666666664	0.5	O	16	94526
315.3233333333333	0.5	nontarget	29	94597
315.3233333333333	0.5	D	5	94597
315.5566666666667	0.5	nontarget	29	94667
315.5566666666667	0.5	F	7	94667
315.7966666666667	0.5	nontarget	29	94739
315.7966666666667	0.5	P	17	94739
316.03333333333336	0.5	nontarget	29	94810
316.03333333333336	0.5	N	15	94810
320.9433333333333	0.5	nontarget	29	96283
320.9433333333333	0.5	K	12	96283
321.18	0.5	nontarget	29	96354
321.18	0.5	M	14	96354
321.4166666666667	0.5	nontarget	29	96425
321.4166666666667	0.5	F	7	96425
321.6533333333333	0.5	nontarget	29	96496
321.6533333333333	0.5	G	8	96496
321.89	0.5	nontarget	29	96567
321.89	0.5	_	28	96567
322.12666666666667	0.5	nontarget	29	96638
322.12666666666667	0.5	D	5	96638
322.36333333333334	0.5	nontarget	29	96709
322.36333333333334	0.5	Y	26	96709
322.6	0.5	target	30	96780
322.6	0.5	<	1	96780
322.83666666666664	0.5	nontarget	29	96851
322.83666666666664	0.5	Q	18	96851
323.0733333333333	0.5	nontarget	29	96922
323.0733333333333	0.5	H	9	96922
323.31	0.5	nontarget	29	96993
323.31	0.5	L	13	96993
323.55	0.5	nontarget	29	97065
323.55	0.5	S	20	97065
323.7866666666667	0.5	nontarget	29	97136
323.7866666666667	0.5	T	21	97136
324.0233333333333	0.5	nontarget	29	97207
324.0233333333333	0.5	U	22	97207
328.93333333333334	0.5	nontarget	29	98680
328.93333333333334	0.5	Y	26	98680
329.17	0.5	nontarget	29	98751
329.17	0.5	F	7	98751
329.4066666666667	0.5	nontarget	29	98822
329.4066666666667	0.5	I	10	98822
329.6433333333333	0.5	nontarget	29	98893
329.6433333333333	0.5	G	8	98893
329.88	0.5	nontarget	29	98964
329.88	0.5	_	28	98964
330.1166666666667	0.5	nontarget	29	99035
330.1166666666667	0.5	T	21	99035
330.35	0.5	nontarget	29	99105
330.35	0.5	R	19	99105
330.58666666666664	0.5	nontarget	29	99176
330.58666666666664	0.5	D	5	99176
330.8233333333333	0.5	nontarget	29	99247
330.8233333333333	0.5	L	13	99247
331.06	0.5	nontarget	29	99318
331.06	0.5	M	14	99318
331.2966666666667	0.5	nontarget	29	99389
331.2966666666667	0.5	X	25	99389
331.53333333333336	0.5	target	30	99460
331.53333333333336	0.5	<	1	99460
331.7733333333333	0.5	nontarget	29	99532
331.7733333333333	0.5	S	20	99532
332.00666666666666	0.5	nontarget	29	99602
332.00666666666666	0.5	Z	27	99602
336.9166666666667	0.5	nontarget	29	101075
336.9166666666667	0.5	G	8	101075
337.1533333333333	0.5	nontarget	29	101146
337.1533333333333	0.5	Y	26	101146
337.39	0.5	nontarget	29	101217
337.39	0.5	V	23	101217
337.62666666666667	0.5	nontarget	29	101288
337.62666666666667	0.5	P	17	101288
337.86333333333334	0.5	nontarget	29	101359
337.86333333333334	0.5	S	20	101359
338.1	0.5	nontarget	29	101430
338.1	0.5	U	22	101430
338.33666666666664	0.5	nontarget	29	101501
338.33666666666664	0.5	Z	27	101501
338.5733333333333	0.5	nontarget	29	101572
338.5733333333333	0.5	R	19	101572
338.81	0.5	nontarget	29	101643
338.81	0.5	D	5	101643
339.0466666666667	0.5	nontarget	29	101714
339.0466666666667	0.5	M	14	101714
339.28333333333336	0.5	nontarget	29	101785
339.28333333333336	0.5	W	24	101785
339.52	0.5	nontarget	29	101856
339.52	0.5	X	25	101856
339.76	0.5	nontarget	29	101928
339.76	0.5	N	15	101928
339.99666666666667	0.5	nontarget	29	101999
339.99666666666667	0.5	_	28	101999
344.91	0.5	nontarget	29	103473
344.91	0.5	R	19	103473
345.14666666666665	0.5	nontarget	29	103544
345.14666666666665	0.5	M	14	103544
345.3833333333333	0.5	nontarget	29	103615
345.3833333333333	0.5	G	8	103615
345.62	0.5	nontarget	29	103686
345.62	0.5	T	21	103686
345.8566666666667	0.5	nontarget	29	103757
345.8566666666667	0.5	W	24	103757
346.0933333333333	0.5	nontarget	29	103828
346.0933333333333	0.5	V	23	103828
346.33	0.5	nontarget	29	103899
346.33	0.5	X	25	103899
346.56666666666666	0.5	nontarget	29	103970
346.56666666666666	0.5	Z	27	103970
346.80333333333334	0.5	target	30	104041
346.80333333333334	0.5	<	1	104041
347.04	0.5	nontarget	29	104112
347.04	0.5	S	20	104112
347.27666666666664	0.5	nontarget	29	104183
347.27666666666664	0.5	D	5	104183
347.5133333333333	0.5	nontarget	29	104254
347.5133333333333	0.5	U	22	104254
347.74666666666667	0.5	nontarget	29	104324
347.74666666666667	0.5	_	28	104324
347.98333333333335	0.5	nontarget	29	104395
347.98333333333335	0.5	Y	26	104395
352.89666666666665	0.5	nontarget	29	105869
352.89666666666665	0.5	M	14	105869
353.13	0.5	nontarget	29	105939
353.13	0.5	G	8	105939
353.3666666666667	0.5	nontarget	29	106010
353.3666666666667	0.5	A	2	106010
353.60333333333335	0.5	nontarget	29	106081
353.60333333333335	0.5	C	4	106081
353.84	0.5	nontarget	29	106152
353.84	0.5	W	24	106152
354.07666666666665	0.5	nontarget	29	106223
354.07666666666665	0.5	K	12	106223
354.33	0.5	nontarget	29	106299
354.33	0.5	V	23	106299
354.56666666666666	0.5	nontarget	29	106370
354.56666666666666	0.5	E	6	106370
354.80333333333334	0.5	nontarget	29	106441
354.80333333333334	0.5	Y	26	106441
355.04	0.5	nontarget	29	106512
355.04	0.5	R	19	106512
355.27666666666664	0.5	nontarget	29	106583
355.27666666666664	0.5	J	11	106583
355.5133333333333	0.5	nontarget	29	106654
355.5133333333333	0.5	X	25	106654
355.75	0.5	nontarget	29	106725
355.75	0.5	T	21	106725
355.9866666666667	0.5	nontarget	29	106796
355.9866666666667	0.5	U	22	106796
360.9	0.5	nontarget	29	108270
360.9	0.5	Y	26	108270
361.1333333333333	0.5	nontarget	29	108340
361.1333333333333	0.5	C	4	108340
361.37333333333333	0.5	nontarget	29	108412
361.37333333333333	0.5	U	22	108412
361.6066666666667	0.5	nontarget	29	108482
361.6066666666667	0.5	G	8	108482
361.8433333333333	0.5	nontarget	29	108553
361.8433333333333	0.5	T	21	108553
362.08	0.5	nontarget	29	108624
362.08	0.5	D	5	108624
362.31666666666666	0.5	nontarget	29	108695
362.31666666666666	0.5	B	3	108695
362.55333333333334	0.5	nontarget	29	108766
362.55333333333334	0.5	R	19	108766
362.79	0.5	nontarget	29	108837
362.79	0.5	K	12	108837
363.02666666666664	0.5	nontarget	29	108908
363.02666666666664	0.5	N	15	108908
363.2633333333333	0.5	nontarget	29	108979
363.2633333333333	0.5	H	9	108979
363.5	0.5	nontarget	29	109050
363.5	0.5	V	23	109050
363.7366666666667	0.5	nontarget	29	109121
363.7366666666667	0.5	E	6	109121
363.9766666666667	0.5	nontarget	29	109193
363.9766666666667	0.5	J	11	109193
370.89	0.5	nontarget	29	111267
370.89	0.5	U	22	111267
371.13	0.5	target	30	111339
371.13	0.5	<	1	111339
371.3666666666667	0.5	nontarget	29	111410
371.3666666666667	0.5	A	2	111410
371.6	0.5	nontarget	29	111480
371.6	0.5	J	11	111480
371.84	0.5	nontarget	29	111552
371.84	0.5	G	8	111552
372.07666666666665	0.5	nontarget	29	111623
372.07666666666665	0.5	H	9	111623
372.31333333333333	0.5	nontarget	29	111694
372.31333333333333	0.5	L	13	111694
372.55	0.5	nontarget	29	111765
372.55	0.5	B	3	111765
372.7866666666667	0.5	nontarget	29	111836
372.7866666666667	0.5	D	5	111836
373.0233333333333	0.5	nontarget	29	111907
373.0233333333333	0.5	Y	26	111907
373.26	0.5	nontarget	29	111978
373.26	0.5	M	14	111978
373.49666666666667	0.5	nontarget	29	112049
373.49666666666667	0.5	F	7	112049
373.73333333333335	0.5	nontarget	29	112120
373.73333333333335	0.5	K	12	112120
373.97	0.5	nontarget	29	112191
373.97	0.5	Q	18	112191
378.89	0.5	nontarget	29	113667
378.89	0.5	H	9	113667
379.12666666666667	0.5	nontarget	29	113738
379.12666666666667	0.5	V	23	113738
379.36	0.5	nontarget	29	113808
379.36	0.5	X	25	113808
379.6	0.5	nontarget	29	113880
379.6	0.5	I	10	113880
379.83666666666664	0.5	nontarget	29	113951
379.83666666666664	0.5	N	15	113951
380.07	0.5	nontarget	29	114021
380.07	0.5	Z	27	114021
380.3066666666667	0.5	nontarget	29	114092
380.3066666666667	0.5	W	24	114092
380.54333333333335	0.5	nontarget	29	114163
380.54333333333335	0.5	O	16	114163
380.77666666666664	0.5	nontarget	29	114233
380.77666666666664	0.5	P	17	114233
381.0133333333333	0.5	nontarget	29	114304
381.0133333333333	0.5	_	28	114304
381.25333333333333	0.5	nontarget	29	114376
381.25333333333333	0.5	K	12	114376
381.49	0.5	nontarget	29	114447
381.49	0.5	C	4	114447
381.7266666666667	0.5	nontarget	29	114518
381.7266666666667	0.5	R	19	114518
381.9633333333333	0.5	nontarget	29	114589
381.9633333333333	0.5	E	6	114589
386.87333333333333	0.5	nontarget	29	116062
386.87333333333333	0.5	F	7	116062
387.11	0.5	nontarget	29	116133
387.11	0.5	H	9	116133
387.3466666666667	0.5	nontarget	29	116204
387.3466666666667	0.5	O	16	116204
387.5833333333333	0.5	nontarget	29	116275
387.5833333333333	0.5	B	3	116275
387.82	0.5	nontarget	29	116346
387.82	0.5	K	12	116346
388.12	0.5	nontarget	29	116436
388.12	0.5	Y	26	116436
388.3566666666667	0.5	nontarget	29	116507
388.3566666666667	0.5	G	8	116507
388.5933333333333	0.5	nontarget	29	116578
388.5933333333333	0.5	L	13	116578
388.83	0.5	nontarget	29	116649
388.83	0.5	T	21	116649
389.06333333333333	0.5	nontarget	29	116719
389.06333333333333	0.5	D	5	116719
389.3	0.5	nontarget	29	116790
389.3	0.5	N	15	116790
389.5366666666667	0.5	nontarget	29	116861
389.5366666666667	0.5	A	2	116861
389.77666666666664	0.5	target	30	116933
389.77666666666664	0.5	<	1	116933
390.0133333333333	0.5	nontarget	29	117004
390.0133333333333	0.5	S	20	117004
394.9266666666667	0.5	nontarget	29	118478
394.9266666666667	0.5	Y	26	118478
395.16333333333336	0.5	target	30	118549
395.16333333333336	0.5	<	1	118549
395.4	0.5	nontarget	29	118620
395.4	0.5	J	11	118620
395.63666666666666	0.5	nontarget	29	118691
395.63666666666666	0.5	E	6	118691
395.87333333333333	0.5	nontarget	29	118762
395.87333333333333	0.5	H	9	118762
396.11	0.5	nontarget	29	118833
396.11	0.5	O	16	118833
396.3466666666667	0.5	nontarget	29	118904
396.3466666666667	0.5	X	25	118904
396.5833333333333	0.5	nontarget	29	118975
396.5833333333333	0.5	Z	27	118975
396.82	0.5	nontarget	29	119046
396.82	0.5	M	14	119046
397.0566666666667	0.5	nontarget	29	119117
397.0566666666667	0.5	F	7	119117
397.29	0.5	nontarget	29	119187
397.29	0.5	L	13	119187
397.52666666666664	0.5	nontarget	29	119258
397.52666666666664	0.5	V	23	119258
397.76666666666665	0.5	nontarget	29	119330
397.76666666666665	0.5	P	17	119330
398.00333333333333	0.5	nontarget	29	119401
398.00333333333333	0.5	B	3	119401
402.9166666666667	0.5	nontarget	29	120875
402.9166666666667	0.5	Z	27	120875
403.1566666666667	0.5	nontarget	29	120947
403.1566666666667	0.5	R	19	120947
403.3933333333333	0.5	nontarget	29	121018
403.3933333333333	0.5	L	13	121018
403.63	0.5	nontarget	29	121089
403.63	0.5	H	9	121089
403.8666666666667	0.5	nontarget	29	121160
403.8666666666667	0.5	B	3	121160
404.10333333333335	0.5	nontarget	29	121231
404.10333333333335	0.5	C	4	121231
404.34	0.5	nontarget	29	121302
404.34	0.5	F	7	121302
404.5733333333333	0.5	nontarget	29	121372
404.5733333333333	0.5	Y	26	121372
404.81	0.5	nontarget	29	121443
404.81	0.5	V	23	121443
405.0466666666667	0.5	nontarget	29	121514
405.0466666666667	0.5	U	22	121514
405.28333333333336	0.5	nontarget	29	121585
405.28333333333336	0.5	S	20	121585
405.52	0.5	nontarget	29	121656
405.52	0.5	P	17	121656
405.75666666666666	0.5	nontarget	29	121727
405.75666666666666	0.5	M	14	121727
405.99333333333334	0.5	nontarget	29	121798
405.99333333333334	0.5	O	16	121798
410.91	0.5	nontarget	29	123273
410.91	0.5	O	16	123273
411.1433333333333	0.5	nontarget	29	123343
411.1433333333333	0.5	H	9	123343
411.38	0.5	nontarget	29	123414
411.38	0.5	F	7	123414
411.62	0.5	nontarget	29	123486
411.62	0.5	_	28	123486
411.85333333333335	0.5	nontarget	29	123556
411.85333333333335	0.5	U	22	123556
412.09	0.5	nontarget	29	123627
412.09	0.5	I	10	123627
412.32666666666665	0.5	nontarget	29	123698
412.32666666666665	0.5	P	17	123698
412.56666666666666	0.5	nontarget	29	123770
412.56666666666666	0.5	B	3	123770
412.80333333333334	0.5	nontarget	29	123841
412.80333333333334	0.5	A	2	123841
413.04	0.5	nontarget	29	123912
413.04	0.5	S	20	123912
413.27666666666664	0.5	nontarget	29	123983
413.27666666666664	0.5	Y	26	123983
413.5133333333333	0.5	nontarget	29	124054
413.5133333333333	0.5	L	13	124054
413.75	0.5	nontarget	29	124125
413.75	0.5	C	4	124125
413.9866666666667	0.5	nontarget	29	124196
413.9866666666667	0.5	V	23	124196
418.9033333333333	0.5	nontarget	29	125671
418.9033333333333	0.5	H	9	125671
419.14	0.5	nontarget	29	125742
419.14	0.5	Y	26	125742
419.38	0.5	nontarget	29	125814
419.38	0.5	B	3	125814
419.6166666666667	0.5	nontarget	29	125885
419.6166666666667	0.5	R	19	125885
419.85	0.5	nontarget	29	125955
419.85	0.5	L	13	125955
420.08666666666664	0.5	nontarget	29	126026
420.08666666666664	0.5	S	20	126026
420.3233333333333	0.5	nontarget	29	126097
420.3233333333333	0.5	O	16	126097
420.56	0.5	nontarget	29	126168
420.56	0.5	I	10	126168
420.7966666666667	0.5	target	30	126239
420.7966666666667	0.5	<	1	126239
421.03333333333336	0.5	nontarget	29	126310
421.03333333333336	0.5	P	17	126310
421.27	0.5	nontarget	29	126381
421.27	0.5	K	12	126381
421.50333333333333	0.5	nontarget	29	126451
421.50333333333333	0.5	F	7	126451
421.74333333333334	0.5	nontarget	29	126523
421.74333333333334	0.5	Q	18	126523
421.98	0.5	nontarget	29	126594
421.98	0.5	U	22	126594
426.8933333333333	0.5	nontarget	29	128068
426.8933333333333	0.5	Q	18	128068
427.13	0.5	nontarget	29	128139
427.13	0.5	H	9	128139
427.3666666666667	0.5	nontarget	29	128210
427.3666666666667	0.5	W	24	128210
427.60333333333335	0.5	nontarget	29	128281
427.60333333333335	0.5	B	3	128281
427.84	0.5	target	30	128352
427.84	0.5	<	1	128352
428.08	0.5	nontarget	29	128424
428.08	0.5	S	20	128424
428.31333333333333	0.5	nontarget	29	128494
428.31333333333333	0.5	Z	27	128494
428.55	0.5	nontarget	29	128565
428.55	0.5	F	7	128565
428.7866666666667	0.5	nontarget	29	128636
428.7866666666667	0.5	L	13	128636
429.0233333333333	0.5	nontarget	29	128707
429.0233333333333	0.5	R	19	128707
429.26	0.5	nontarget	29	128778
429.26	0.5	M	14	128778
429.49666666666667	0.5	nontarget	29	128849
429.49666666666667	0.5	I	10	128849
429.73333333333335	0.5	nontarget	29	128920
429.73333333333335	0.5	Y	26	128920
429.97333333333336	0.5	nontarget	29	128992
429.97333333333336	0.5	O	16	128992
436.91	0.5	nontarget	29	131073
436.91	0.5	X	25	131073
437.14666666666665	0.5	nontarget	29	131144
437.14666666666665	0.5	H	9	131144
437.3833333333333	0.5	nontarget	29	131215
437.3833333333333	0.5	O	16	131215
437.62	0.5	nontarget	29	131286
437.62	0.5	E	6	131286
437.8566666666667	0.5	target	30	131357
437.8566666666667	0.5	<	1	131357
438.0933333333333	0.5	nontarget	29	131428
438.0933333333333	0.5	S	20	131428
438.33	0.5	nontarget	29	131499
438.33	0.5	R	19	131499
438.56666666666666	0.5	nontarget	29	131570
438.56666666666666	0.5	T	21	131570
438.80333333333334	0.5	nontarget	29	131641
438.80333333333334	0.5	W	24	131641
439.0366666666667	0.5	nontarget	29	131711
439.0366666666667	0.5	L	13	131711
439.27666666666664	0.5	nontarget	29	131783
439.27666666666664	0.5	B	3	131783
439.5133333333333	0.5	nontarget	29	131854
439.5133333333333	0.5	M	14	131854
439.74666666666667	0.5	nontarget	29	131924
439.74666666666667	0.5	V	23	131924
439.9866666666667	0.5	nontarget	29	131996
439.9866666666667	0.5	Q	18	131996
444.9033333333333	0.5	nontarget	29	133471
444.9033333333333	0.5	G	8	133471
445.14	0.5	nontarget	29	133542
445.14	0.5	N	15	133542
445.37333333333333	0.5	nontarget	29	133612
445.37333333333333	0.5	Z	27	133612
445.61	0.5	nontarget	29	133683
445.61	0.5	F	7	133683
445.8466666666667	0.5	nontarget	29	133754
445.8466666666667	0.5	J	11	133754
446.0833333333333	0.5	target	30	133825
446.0833333333333	0.5	<	1	133825
446.32	0.5	nontarget	29	133896
446.32	0.5	P	17	133896
446.56	0.5	nontarget	29	133968
446.56	0.5	I	10	133968
446.7966666666667	0.5	nontarget	29	134039
446.7966666666667	0.5	U	22	134039
447.03	0.5	nontarget	29	134109
447.03	0.5	K	12	134109
447.27	0.5	nontarget	29	134181
447.27	0.5	Y	26	134181
447.50666666666666	0.5	nontarget	29	134252
447.50666666666666	0.5	D	5	134252
447.74333333333334	0.5	nontarget	29	134323
447.74333333333334	0.5	C	4	134323
447.9766666666667	0.5	nontarget	29	134393
447.9766666666667	0.5	M	14	134393
452.89	0.5	nontarget	29	135867
452.89	0.5	G	8	135867
453.12666666666667	0.5	nontarget	29	135938
453.12666666666667	0.5	B	3	135938
453.36333333333334	0.5	nontarget	29	136009
453.36333333333334	0.5	D	5	136009
453.6	0.5	target	30	136080
453.6	0.5	<	1	136080
453.84	0.5	nontarget	29	136152
453.84	0.5	_	28	136152
454.07666666666665	0.5	nontarget	29	136223
454.07666666666665	0.5	J	11	136223
454.31333333333333	0.5	nontarget	29	136294
454.31333333333333	0.5	P	17	136294
454.55	0.5	nontarget	29	136365
454.55	0.5	F	7	136365
454.7866666666667	0.5	nontarget	29	136436
454.7866666666667	0.5	A	2	136436
455.02	0.5	nontarget	29	136506
455.02	0.5	L	13	136506
455.25666666666666	0.5	nontarget	29	136577
455.25666666666666	0.5	Z	27	136577
455.49333333333334	0.5	nontarget	29	136648
455.49333333333334	0.5	T	21	136648
455.73	0.5	nontarget	29	136719
455.73	0.5	M	14	136719
455.96666666666664	0.5	nontarget	29	136790
455.96666666666664	0.5	S	20	136790
460.88	0.5	nontarget	29	138264
460.88	0.5	P	17	138264
461.1166666666667	0.5	target	30	138335
461.1166666666667	0.5	<	1	138335
461.35333333333335	0.5	nontarget	29	138406
461.35333333333335	0.5	E	6	138406
461.59	0.5	nontarget	29	138477
461.59	0.5	J	11	138477
461.83	0.5	nontarget	29	138549
461.83	0.5	A	2	138549
462.06333333333333	0.5	nontarget	29	138619
462.06333333333333	0.5	_	28	138619
462.3	0.5	nontarget	29	138690
462.3	0.5	H	9	138690
462.54	0.5	nontarget	29	138762
462.54	0.5	G	8	138762
462.7733333333333	0.5	nontarget	29	138832
462.7733333333333	0.5	L	13	138832
463.01	0.5	nontarget	29	138903
463.01	0.5	I	10	138903
463.24666666666667	0.5	nontarget	29	138974
463.24666666666667	0.5	F	7	138974
463.48333333333335	0.5	nontarget	29	139045
463.48333333333335	0.5	C	4	139045
463.71666666666664	0.5	nontarget	29	139115
463.71666666666664	0.5	D	5	139115
463.9533333333333	0.5	nontarget	29	139186
463.9533333333333	0.5	R	19	139186
468.87333333333333	0.5	nontarget	29	140662
468.87333333333333	0.5	F	7	140662
469.11	0.5	nontarget	29	140733
469.11	0.5	H	9	140733
469.3433333333333	0.5	nontarget	29	140803
469.3433333333333	0.5	L	13	140803
469.58	0.5	nontarget	29	140874
469.58	0.5	C	4	140874
469.82	0.5	nontarget	29	140946
469.82	0.5	E	6	140946
470.0566666666667	0.5	nontarget	29	141017
470.0566666666667	0.5	Y	26	141017
470.29333333333335	0.5	nontarget	29	141088
470.29333333333335	0.5	A	2	141088
470.53	0.5	target	30	141159
470.53	0.5	<	1	141159
470.76666666666665	0.5	nontarget	29	141230
470.76666666666665	0.5	G	8	141230
471.00333333333333	0.5	nontarget	29	141301
471.00333333333333	0.5	U	22	141301
471.24	0.5	nontarget	29	141372
471.24	0.5	N	15	141372
471.4766666666667	0.5	nontarget	29	141443
471.4766666666667	0.5	P	17	141443
471.7133333333333	0.5	nontarget	29	141514
471.7133333333333	0.5	K	12	141514
471.95	0.5	nontarget	29	141585
471.95	0.5	Q	18	141585
476.86	0.5	nontarget	29	143058
476.86	0.5	X	25	143058
477.0966666666667	0.5	nontarget	29	143129
477.0966666666667	0.5	U	22	143129
477.3333333333333	0.5	nontarget	29	143200
477.3333333333333	0.5	G	8	143200
477.57	0.5	target	30	143271
477.57	0.5	<	1	143271
477.81	0.5	nontarget	29	143343
477.81	0.5	L	13	143343
478.04333333333335	0.5	nontarget	29	143413
478.04333333333335	0.5	B	3	143413
478.28	0.5	nontarget	29	143484
478.28	0.5	F	7	143484
478.51666666666665	0.5	nontarget	29	143555
478.51666666666665	0.5	V	23	143555
478.82	0.5	nontarget	29	143646
478.82	0.5	P	17	143646
479.0566666666667	0.5	nontarget	29	143717
479.0566666666667	0.5	C	4	143717
479.29333333333335	0.5	nontarget	29	143788
479.29333333333335	0.5	A	2	143788
479.53	0.5	nontarget	29	143859
479.53	0.5	T	21	143859
479.76666666666665	0.5	nontarget	29	143930
479.76666666666665	0.5	N	15	143930
480.00333333333333	0.5	nontarget	29	144001
480.00333333333333	0.5	I	10	144001
484.92	0.5	nontarget	29	145476
484.92	0.5	A	2	145476
485.1566666666667	0.5	nontarget	29	145547
485.1566666666667	0.5	E	6	145547
485.3933333333333	0.5	nontarget	29	145618
485.3933333333333	0.5	F	7	145618
485.63	0.5	target	30	145689
485.63	0.5	<	1	145689
485.87	0.5	nontarget	29	145761
485.87	0.5	U	22	145761
486.1066666666667	0.5	nontarget	29	145832
486.1066666666667	0.5	D	5	145832
486.3433333333333	0.5	nontarget	29	145903
486.3433333333333	0.5	J	11	145903
486.58	0.5	nontarget	29	145974
486.58	0.5	X	25	145974
486.81666666666666	0.5	nontarget	29	146045
486.81666666666666	0.5	M	14	146045
487.05333333333334	0.5	nontarget	29	146116
487.05333333333334	0.5	B	3	146116
487.29	0.5	nontarget	29	146187
487.29	0.5	Q	18	146187
487.52666666666664	0.5	nontarget	29	146258
487.52666666666664	0.5	P	17	146258
487.7633333333333	0.5	nontarget	29	146329
487.7633333333333	0.5	G	8	146329
488.0	0.5	nontarget	29	146400
488.0	0.5	L	13	146400
492.9166666666667	0.5	nontarget	29	147875
492.9166666666667	0.5	G	8	147875
493.1533333333333	0.5	nontarget	29	147946
493.1533333333333	0.5	Z	27	147946
493.39	0.5	nontarget	29	148017
493.39	0.5	X	25	148017
493.62666666666667	0.5	nontarget	29	148088
493.62666666666667	0.5	A	2	148088
493.8666666666667	0.5	nontarget	29	148160
493.8666666666667	0.5	J	11	148160
494.10333333333335	0.5	nontarget	29	148231
494.10333333333335	0.5	O	16	148231
494.34	0.5	nontarget	29	148302
494.34	0.5	P	17	148302
494.57666666666665	0.5	nontarget	29	148373
494.57666666666665	0.5	_	28	148373
494.81333333333333	0.5	nontarget	29	148444
494.81333333333333	0.5	D	5	148444
495.05	0.5	nontarget	29	148515
495.05	0.5	E	6	148515
495.2866666666667	0.5	nontarget	29	148586
495.2866666666667	0.5	W	24	148586
495.5233333333333	0.5	nontarget	29	148657
495.5233333333333	0.5	N	15	148657
495.75666666666666	0.5	nontarget	29	148727
495.75666666666666	0.5	K	12	148727
495.99666666666667	0.5	nontarget	29	148799
495.99666666666667	0.5	L	13	148799
502.9166666666667	0.5	nontarget	29	150875
502.9166666666667	0.5	W	24	150875
503.15	0.5	nontarget	29	150945
503.15	0.5	G	8	150945
503.38666666666666	0.5	nontarget	29	151016
503.38666666666666	0.5	D	5	151016
503.62333333333333	0.5	nontarget	29	151087
503.62333333333333	0.5	J	11	151087
503.86333333333334	0.5	nontarget	29	151159
503.86333333333334	0.5	E	6	151159
504.1	0.5	nontarget	29	151230
504.1	0.5	U	22	151230
504.3333333333333	0.5	nontarget	29	151300
504.3333333333333	0.5	H	9	151300
504.57	0.5	nontarget	29	151371
504.57	0.5	A	2	151371
504.8066666666667	0.5	nontarget	29	151442
504.8066666666667	0.5	I	10	151442
505.04333333333335	0.5	nontarget	29	151513
505.04333333333335	0.5	C	4	151513
505.28	0.5	target	30	151584
505.28	0.5	<	1	151584
505.51666666666665	0.5	nontarget	29	151655
505.51666666666665	0.5	T	21	151655
505.75333333333333	0.5	nontarget	29	151726
505.75333333333333	0.5	O	16	151726
505.99	0.5	nontarget	29	151797
505.99	0.5	L	13	151797
510.9066666666667	0.5	nontarget	29	153272
510.9066666666667	0.5	G	8	153272
511.1433333333333	0.5	nontarget	29	153343
511.1433333333333	0.5	Z	27	153343
511.3833333333333	0.5	nontarget	29	153415
511.3833333333333	0.5	X	25	153415
511.62	0.5	nontarget	29	153486
511.62	0.5	F	7	153486
511.8566666666667	0.5	nontarget	29	153557
511.8566666666667	0.5	S	20	153557
512.0933333333334	0.5	nontarget	29	153628
512.0933333333334	0.5	K	12	153628
512.3266666666667	0.5	nontarget	29	153698
512.3266666666667	0.5	N	15	153698
512.5633333333334	0.5	nontarget	29	153769
512.5633333333334	0.5	_	28	153769
512.8	0.5	nontarget	29	153840
512.8	0.5	M	14	153840
513.0366666666666	0.5	nontarget	29	153911
513.0366666666666	0.5	Y	26	153911
513.2733333333333	0.5	nontarget	29	153982
513.2733333333333	0.5	V	23	153982
513.51	0.5	nontarget	29	154053
513.51	0.5	B	3	154053
513.7466666666667	0.5	nontarget	29	154124
513.7466666666667	0.5	J	11	154124
513.9833333333333	0.5	nontarget	29	154195
513.9833333333333	0.5	R	19	154195
518.9	0.5	nontarget	29	155670
518.9	0.5	_	28	155670
519.1366666666667	0.5	nontarget	29	155741
519.1366666666667	0.5	Z	27	155741
519.3733333333333	0.5	nontarget	29	155812
519.3733333333333	0.5	H	9	155812
519.61	0.5	nontarget	29	155883
519.61	0.5	R	19	155883
519.8466666666667	0.5	nontarget	29	155954
519.8466666666667	0.5	U	22	155954
520.0833333333334	0.5	nontarget	29	156025
520.0833333333334	0.5	P	17	156025
520.3233333333334	0.5	nontarget	29	156097
520.3233333333334	0.5	V	23	156097
520.56	0.5	nontarget	29	156168
520.56	0.5	G	8	156168
520.7966666666666	0.5	nontarget	29	156239
520.7966666666666	0.5	E	6	156239
521.0366666666666	0.5	nontarget	29	156311
521.0366666666666	0.5	N	15	156311
521.2733333333333	0.5	nontarget	29	156382
521.2733333333333	0.5	Q	18	156382
521.51	0.5	nontarget	29	156453
521.51	0.5	W	24	156453
521.75	0.5	nontarget	29	156525
521.75	0.5	I	10	156525
521.9866666666667	0.5	nontarget	29	156596
521.9866666666667	0.5	L	13	156596
526.9066666666666	0.5	nontarget	29	158072
526.9066666666666	0.5	J	11	158072
527.1433333333333	0.5	nontarget	29	158143
527.1433333333333	0.5	G	8	158143
527.38	0.5	nontarget	29	158214
527.38	0.5	L	13	158214
527.6166666666667	0.5	nontarget	29	158285
527.6166666666667	0.5	O	16	158285
527.8533333333334	0.5	nontarget	29	158356
527.8533333333334	0.5	Q	18	158356
528.09	0.5	nontarget	29	158427
528.09	0.5	_	28	158427
528.3266666666667	0.5	nontarget	29	158498
528.3266666666667	0.5	S	20	158498
528.5666666666667	0.5	nontarget	29	158570
528.5666666666667	0.5	I	10	158570
528.8033333333333	0.5	nontarget	29	158641
528.8033333333333	0.5	U	22	158641
529.04	0.5	nontarget	29	158712
529.04	0.5	N	15	158712
529.2766666666666	0.5	nontarget	29	158783
529.2766666666666	0.5	X	25	158783
529.5133333333333	0.5	nontarget	29	158854
529.5133333333333	0.5	P	17	158854
529.75	0.5	nontarget	29	158925
529.75	0.5	E	6	158925
529.9866666666667	0.5	nontarget	29	158996
529.9866666666667	0.5	H	9	158996
534.9066666666666	0.5	nontarget	29	160472
534.9066666666666	0.5	C	4	160472
535.1433333333333	0.5	nontarget	29	160543
535.1433333333333	0.5	O	16	160543
535.38	0.5	nontarget	29	160614
535.38	0.5	B	3	160614
535.6166666666667	0.5	nontarget	29	160685
535.6166666666667	0.5	E	6	160685
535.8533333333334	0.5	nontarget	29	160756
535.8533333333334	0.5	X	25	160756
536.0933333333334	0.5	nontarget	29	160828
536.0933333333334	0.5	S	20	160828
536.3266666666667	0.5	nontarget	29	160898
536.3266666666667	0.5	F	7	160898
536.5633333333334	0.5	nontarget	29	160969
536.5633333333334	0.5	A	2	160969
536.8033333333333	0.5	nontarget	29	161041
536.8033333333333	0.5	G	8	161041
537.04	0.5	nontarget	29	161112
537.04	0.5	N	15	161112
537.2733333333333	0.5	nontarget	29	161182
537.2733333333333	0.5	L	13	161182
537.51	0.5	nontarget	29	161253
537.51	0.5	W	24	161253
537.7466666666667	0.5	nontarget	29	161324
537.7466666666667	0.5	U	22	161324
537.9833333333333	0.5	nontarget	29	161395
537.9833333333333	0.5	H	9	161395
542.9	0.5	nontarget	29	162870
542.9	0.5	F	7	162870
543.14	0.5	nontarget	29	162942
543.14	0.5	E	6	162942
543.3766666666667	0.5	nontarget	29	163013
543.3766666666667	0.5	Z	27	163013
543.6133333333333	0.5	nontarget	29	163084
543.6133333333333	0.5	U	22	163084
543.85	0.5	nontarget	29	163155
543.85	0.5	G	8	163155
544.0866666666667	0.5	nontarget	29	163226
544.0866666666667	0.5	A	2	163226
544.32	0.5	nontarget	29	163296
544.32	0.5	W	24	163296
544.5566666666666	0.5	nontarget	29	163367
544.5566666666666	0.5	R	19	163367
544.7966666666666	0.5	nontarget	29	163439
544.7966666666666	0.5	B	3	163439
545.0333333333333	0.5	nontarget	29	163510
545.0333333333333	0.5	N	15	163510
545.27	0.5	nontarget	29	163581
545.27	0.5	D	5	163581
545.5066666666667	0.5	nontarget	29	163652
545.5066666666667	0.5	L	13	163652
545.7433333333333	0.5	nontarget	29	163723
545.7433333333333	0.5	T	21	163723
545.98	0.5	nontarget	29	163794
545.98	0.5	K	12	163794
550.9	0.5	nontarget	29	165270
550.9	0.5	B	3	165270
551.1366666666667	0.5	nontarget	29	165341
551.1366666666667	0.5	J	11	165341
551.37	0.5	nontarget	29	165411
551.37	0.5	N	15	165411
551.6066666666667	0.5	nontarget	29	165482
551.6066666666667	0.5	G	8	165482
551.8466666666667	0.5	nontarget	29	165554
551.8466666666667	0.5	M	14	165554
552.0833333333334	0.5	nontarget	29	165625
552.0833333333334	0.5	H	9	165625
552.32	0.5	nontarget	29	165696
552.32	0.5	V	23	165696
552.5566666666666	0.5	nontarget	29	165767
552.5566666666666	0.5	Q	18	165767
552.7933333333333	0.5	nontarget	29	165838
552.7933333333333	0.5	F	7	165838
553.03	0.5	nontarget	29	165909
553.03	0.5	L	13	165909
553.2633333333333	0.5	nontarget	29	165979
553.2633333333333	0.5	I	10	165979
553.5	0.5	nontarget	29	166050
553.5	0.5	W	24	166050
553.74	0.5	nontarget	29	166122
553.74	0.5	R	19	166122
553.9766666666667	0.5	nontarget	29	166193
553.9766666666667	0.5	E	6	166193
558.9	0.5	nontarget	29	167670
558.9	0.5	M	14	167670
559.1366666666667	0.5	nontarget	29	167741
559.1366666666667	0.5	T	21	167741
559.3733333333333	0.5	nontarget	29	167812
559.3733333333333	0.5	G	8	167812
559.61	0.5	nontarget	29	167883
559.61	0.5	F	7	167883
559.8466666666667	0.5	nontarget	29	167954
559.8466666666667	0.5	L	13	167954
560.0833333333334	0.5	target	30	168025
560.0833333333334	0.5	<	1	168025
560.32	0.5	nontarget	29	168096
560.32	0.5	I	10	168096
560.5566666666666	0.5	nontarget	29	168167
560.5566666666666	0.5	P	17	168167
560.7933333333333	0.5	nontarget	29	168238
560.7933333333333	0.5	E	6	168238
561.03	0.5	nontarget	29	168309
561.03	0.5	B	3	168309
561.27	0.5	nontarget	29	168381
561.27	0.5	U	22	168381
561.5066666666667	0.5	nontarget	29	168452
561.5066666666667	0.5	W	24	168452
561.74	0.5	nontarget	29	168522
561.74	0.5	A	2	168522
561.9766666666667	0.5	nontarget	29	168593
561.9766666666667	0.5	R	19	168593
