filename	acq_time
eeg/sub-P1_ses-2_task-MatrixCalibration_run-6_eeg.vhdr	n/a
eeg/sub-P1_ses-2_task-MatrixCopyPhrase_run-10_eeg.vhdr	n/a
eeg/sub-P1_ses-2_task-MatrixCopyPhrase_run-7_eeg.vhdr	n/a
eeg/sub-P1_ses-2_task-MatrixCopyPhrase_run-8_eeg.vhdr	n/a
eeg/sub-P1_ses-2_task-MatrixCopyPhrase_run-9_eeg.vhdr	n/a
eeg/sub-P1_ses-2_task-RSVPCalibration_run-1_eeg.vhdr	n/a
eeg/sub-P1_ses-2_task-RSVPCopyPhrase_run-2_eeg.vhdr	n/a
eeg/sub-P1_ses-2_task-RSVPCopyPhrase_run-3_eeg.vhdr	n/a
eeg/sub-P1_ses-2_task-RSVPCopyPhrase_run-4_eeg.vhdr	n/a
eeg/sub-P1_ses-2_task-RSVPCopyPhrase_run-5_eeg.vhdr	n/a
